{
  "id": "FPDI",
  "title": "Free PDF Document Importer",
  "referenceURL": "http://www.setasign.com/products/fpdi/about/",
  "downloadURL": "http://www.setasign.com/products/fpdi/downloads/#p-285",
  "authors": "Setasign - Jan Slabon",
  "desc": "FPDI is a collection of PHP classes facilitating developers to read pages from existing PDF documents and use them as templates in FPDF, which was developed by Olivier Plathey. Apart from a copy of FPDF, FPDI does not require any special PHP extensions.",
  "version": "",
  "lic": "Apache-2.0",
  "remarks": ""
}
